<?xml version="1.0" encoding="ISO-8859-1"?>
<NETSIM_ANIMATION>
 <!--NETSIM_ANIMATION-->
 <MENU NAME="Link Throughput" isNewScreen="false">
  <MENU NAME="Link_1_Throughput (Bi-directional Aggregated)" isNewScreen="true" FileName="C:\Users\junaid\AppData\Local\Temp\NetSim/acad13.0.29_x64/\plot_Link_1_Throughput (Bi-directional Aggregated).txt" Type="2dplot"/>
  <MENU NAME="Link_2_Throughput (Bi-directional Aggregated)" isNewScreen="true" FileName="C:\Users\junaid\AppData\Local\Temp\NetSim/acad13.0.29_x64/\plot_Link_2_Throughput (Bi-directional Aggregated).txt" Type="2dplot"/>
  <MENU NAME="Link_3_Throughput (Bi-directional Aggregated)" isNewScreen="true" FileName="C:\Users\junaid\AppData\Local\Temp\NetSim/acad13.0.29_x64/\plot_Link_3_Throughput (Bi-directional Aggregated).txt" Type="2dplot"/>
  <MENU NAME="Link_4_Throughput (Bi-directional Aggregated)" isNewScreen="true" FileName="C:\Users\junaid\AppData\Local\Temp\NetSim/acad13.0.29_x64/\plot_Link_4_Throughput (Bi-directional Aggregated).txt" Type="2dplot"/>
  <MENU NAME="Link_5_Throughput (Bi-directional Aggregated)" isNewScreen="true" FileName="C:\Users\junaid\AppData\Local\Temp\NetSim/acad13.0.29_x64/\plot_Link_5_Throughput (Bi-directional Aggregated).txt" Type="2dplot"/>
  <MENU NAME="Link_6_Throughput (Bi-directional Aggregated)" isNewScreen="true" FileName="C:\Users\junaid\AppData\Local\Temp\NetSim/acad13.0.29_x64/\plot_Link_6_Throughput (Bi-directional Aggregated).txt" Type="2dplot"/>
  <MENU NAME="Link_7_Throughput (Bi-directional Aggregated)" isNewScreen="true" FileName="C:\Users\junaid\AppData\Local\Temp\NetSim/acad13.0.29_x64/\plot_Link_7_Throughput (Bi-directional Aggregated).txt" Type="2dplot"/>
 </MENU>
 <MENU NAME="IP Table" isNewScreen="false">
  <MENU NAME="GCS_RECEIVER" isNewScreen="true" FileName="Animation_GCS_RECEIVER.txt" Type="table"/>
  <MENU NAME="LOCAL_NETWORK" isNewScreen="true" FileName="Animation_LOCAL_NETWORK.txt" Type="table"/>
  <MENU NAME="UAV1" isNewScreen="true" FileName="Animation_UAV1.txt" Type="table"/>
  <MENU NAME="UAV4" isNewScreen="true" FileName="Animation_UAV4.txt" Type="table"/>
  <MENU NAME="UAV2" isNewScreen="true" FileName="Animation_UAV2.txt" Type="table"/>
  <MENU NAME="UAV3" isNewScreen="true" FileName="Animation_UAV3.txt" Type="table"/>
  <MENU NAME="CONTROLLER2" isNewScreen="true" FileName="Animation_CONTROLLER2.txt" Type="table"/>
  <MENU NAME="CONTROLLER" isNewScreen="true" FileName="Animation_CONTROLLER.txt" Type="table"/>
  <MENU NAME="UAV5" isNewScreen="true" FileName="Animation_UAV5.txt" Type="table"/>
  <MENU NAME="UAV6" isNewScreen="true" FileName="Animation_UAV6.txt" Type="table"/>
 </MENU>
 <MENU NAME="Node Movement" isNewScreen="false" FileName="Animation_Node_Movement.txt" Type="generic"/>
 <MENU NAME="Application Throughput" isNewScreen="false">
  <MENU NAME="App1_CBR_Throughput" isNewScreen="true" FileName="C:\Users\junaid\AppData\Local\Temp\NetSim/acad13.0.29_x64/\plot_App1_CBR_Throughput.txt" Type="2dplot"/>
  <MENU NAME="App2_CBR_Throughput" isNewScreen="true" FileName="C:\Users\junaid\AppData\Local\Temp\NetSim/acad13.0.29_x64/\plot_App2_CBR_Throughput.txt" Type="2dplot"/>
 </MENU>
 <MENU NAME="Transmit_packet" isNewScreen="false" FileName="Animation_Transmit_packet.txt" Type="generic"/>
</NETSIM_ANIMATION>
