<?xml version="1.0" encoding="ISO-8859-1"?>
<NetSim_Metrics>
 <!--NETSIM_METRICS-->
 <MENU Name="Link_Metrics">
  <TABLE name="Link_Metrics">
   <TH name="Link_id" isShow="true"/>
   <TH name="Link_throughput_plot" isShow="true"/>
   <TH name="Packet_transmitted" isShow="true">
    <TH name="Data"/>
    <TH name="Control"/>
   </TH>
   <TH name="Packet_errored" isShow="true">
    <TH name="Data"/>
    <TH name="Control"/>
   </TH>
   <TH name="Packet_collided" isShow="true">
    <TH name="Data"/>
    <TH name="Control"/>
   </TH>
   <TH name="Bytes_transmitted(bytes)" isShow="false"/>
   <TH name="Payload_transmitted(bytes)" isShow="false"/>
   <TH name="Overhead_transmitted(bytes)" isShow="false"/>
   <TR>
    <TC Value="All"/>
    <TC Value="NA"/>
    <TC Value="71992"/>
    <TC Value="10326"/>
    <TC Value="20"/>
    <TC Value="0"/>
    <TC Value="0"/>
    <TC Value="0"/>
    <TC Value="99302024"/>
    <TC Value="96316776"/>
    <TC Value="2985248"/>
   </TR>
   <TR>
    <TC Value="1"/>
    <TC>
     <LINK onClick="Link_1_Throughput" name="Link_throughput"/>
    </TC>
    <TC Value="12839"/>
    <TC Value="326"/>
    <TC Value="0"/>
    <TC Value="0"/>
    <TC Value="0"/>
    <TC Value="0"/>
    <TC Value="19107040"/>
    <TC Value="18744940"/>
    <TC Value="362100"/>
   </TR>
   <TR>
    <TC Value="2"/>
    <TC>
     <LINK onClick="Link_2_Throughput" name="Link_throughput"/>
    </TC>
    <TC Value="5632"/>
    <TC Value="324"/>
    <TC Value="0"/>
    <TC Value="0"/>
    <TC Value="0"/>
    <TC Value="0"/>
    <TC Value="8383008"/>
    <TC Value="8222720"/>
    <TC Value="160288"/>
   </TR>
   <TR>
    <TC Value="3"/>
    <TC>
     <LINK onClick="Link_3_Throughput" name="Link_throughput"/>
    </TC>
    <TC Value="17448"/>
    <TC Value="0"/>
    <TC Value="0"/>
    <TC Value="0"/>
    <TC Value="0"/>
    <TC Value="0"/>
    <TC Value="19452380"/>
    <TC Value="18865336"/>
    <TC Value="587044"/>
   </TR>
   <TR>
    <TC Value="4"/>
    <TC>
     <LINK onClick="Link_4_Throughput" name="Link_throughput"/>
    </TC>
    <TC Value="7132"/>
    <TC Value="0"/>
    <TC Value="0"/>
    <TC Value="0"/>
    <TC Value="0"/>
    <TC Value="0"/>
    <TC Value="8521524"/>
    <TC Value="8259120"/>
    <TC Value="262404"/>
   </TR>
   <TR>
    <TC Value="5"/>
    <TC>
     <LINK onClick="Link_5_Throughput" name="Link_throughput"/>
    </TC>
    <TC Value="9649"/>
    <TC Value="33"/>
    <TC Value="10"/>
    <TC Value="0"/>
    <TC Value="0"/>
    <TC Value="0"/>
    <TC Value="14359980"/>
    <TC Value="14072940"/>
    <TC Value="287040"/>
   </TR>
   <TR>
    <TC Value="6"/>
    <TC>
     <LINK onClick="Link_6_Throughput" name="Link_throughput"/>
    </TC>
    <TC Value="9649"/>
    <TC Value="0"/>
    <TC Value="10"/>
    <TC Value="0"/>
    <TC Value="0"/>
    <TC Value="0"/>
    <TC Value="14608586"/>
    <TC Value="14072940"/>
    <TC Value="535646"/>
   </TR>
   <TR>
    <TC Value="7"/>
    <TC>
     <LINK onClick="Link_7_Throughput" name="Link_throughput"/>
    </TC>
    <TC Value="9643"/>
    <TC Value="9643"/>
    <TC Value="0"/>
    <TC Value="0"/>
    <TC Value="0"/>
    <TC Value="0"/>
    <TC Value="14869506"/>
    <TC Value="14078780"/>
    <TC Value="790726"/>
   </TR>
  </TABLE>
 </MENU>
 <MENU Name="Queue_Metrics">
  <TABLE name="Queue_Metrics">
   <TH name="Device_id" isShow="true"/>
   <TH name="Port_id" isShow="true"/>
   <TH name="Queued_packet" isShow="true"/>
   <TH name="Dequeued_packet" isShow="true"/>
   <TH name="Dropped_packet" isShow="true"/>
   <TR>
    <TC Value="1"/>
    <TC Value="3"/>
    <TC Value="4669"/>
    <TC Value="4669"/>
    <TC Value="0"/>
   </TR>
   <TR>
    <TC Value="4"/>
    <TC Value="1"/>
    <TC Value="5013"/>
    <TC Value="5013"/>
    <TC Value="0"/>
   </TR>
  </TABLE>
 </MENU>
 <MENU Name="TCP_Metrics">
  <TABLE name="TCP_Metrics">
   <TH name="Source" isShow="true"/>
   <TH name="Destination" isShow="true"/>
   <TH name="Local Address" isShow="false"/>
   <TH name="Remote Address" isShow="false"/>
   <TH name="Syn Sent" isShow="false"/>
   <TH name="Syn-Ack Sent" isShow="false"/>
   <TH name="Segment Sent" isShow="true"/>
   <TH name="Segment Received" isShow="true"/>
   <TH name="Segment Retransmitted" isShow="false"/>
   <TH name="Ack Sent" isShow="true"/>
   <TH name="Ack Received" isShow="true"/>
   <TH name="Duplicate segment received" isShow="false"/>
   <TH name="Out of order segment received" isShow="false"/>
   <TH name="Duplicate ack received" isShow="true"/>
   <TH name="Times RTO expired" isShow="false"/>
   <TR>
    <TC Value="GCS_RECEIVER"/>
    <TC Value="ANY_DEVICE"/>
    <TC Value="11.1.1.1:0"/>
    <TC Value="0.0.0.0:0"/>
    <TC Value="0"/>
    <TC Value="0"/>
    <TC Value="0"/>
    <TC Value="0"/>
    <TC Value="0"/>
    <TC Value="0"/>
    <TC Value="0"/>
    <TC Value="0"/>
    <TC Value="0"/>
    <TC Value="0"/>
    <TC Value="0"/>
   </TR>
   <TR>
    <TC Value="LOCAL_NETWORK"/>
    <TC Value="ANY_DEVICE"/>
    <TC Value="11.3.1.1:0"/>
    <TC Value="0.0.0.0:0"/>
    <TC Value="0"/>
    <TC Value="0"/>
    <TC Value="0"/>
    <TC Value="0"/>
    <TC Value="0"/>
    <TC Value="0"/>
    <TC Value="0"/>
    <TC Value="0"/>
    <TC Value="0"/>
    <TC Value="0"/>
    <TC Value="0"/>
   </TR>
   <TR>
    <TC Value="UAV1"/>
    <TC Value="ANY_DEVICE"/>
    <TC Value="11.1.1.2:0"/>
    <TC Value="0.0.0.0:0"/>
    <TC Value="0"/>
    <TC Value="0"/>
    <TC Value="0"/>
    <TC Value="0"/>
    <TC Value="0"/>
    <TC Value="0"/>
    <TC Value="0"/>
    <TC Value="0"/>
    <TC Value="0"/>
    <TC Value="0"/>
    <TC Value="0"/>
   </TR>
   <TR>
    <TC Value="UAV4"/>
    <TC Value="ANY_DEVICE"/>
    <TC Value="11.1.1.3:0"/>
    <TC Value="0.0.0.0:0"/>
    <TC Value="0"/>
    <TC Value="0"/>
    <TC Value="0"/>
    <TC Value="0"/>
    <TC Value="0"/>
    <TC Value="0"/>
    <TC Value="0"/>
    <TC Value="0"/>
    <TC Value="0"/>
    <TC Value="0"/>
    <TC Value="0"/>
   </TR>
   <TR>
    <TC Value="UAV2"/>
    <TC Value="ANY_DEVICE"/>
    <TC Value="11.2.1.2:0"/>
    <TC Value="0.0.0.0:0"/>
    <TC Value="0"/>
    <TC Value="0"/>
    <TC Value="0"/>
    <TC Value="0"/>
    <TC Value="0"/>
    <TC Value="0"/>
    <TC Value="0"/>
    <TC Value="0"/>
    <TC Value="0"/>
    <TC Value="0"/>
    <TC Value="0"/>
   </TR>
   <TR>
    <TC Value="UAV3"/>
    <TC Value="ANY_DEVICE"/>
    <TC Value="11.2.1.3:0"/>
    <TC Value="0.0.0.0:0"/>
    <TC Value="0"/>
    <TC Value="0"/>
    <TC Value="0"/>
    <TC Value="0"/>
    <TC Value="0"/>
    <TC Value="0"/>
    <TC Value="0"/>
    <TC Value="0"/>
    <TC Value="0"/>
    <TC Value="0"/>
    <TC Value="0"/>
   </TR>
   <TR>
    <TC Value="CONTROLLER2"/>
    <TC Value="ANY_DEVICE"/>
    <TC Value="11.4.1.2:0"/>
    <TC Value="0.0.0.0:0"/>
    <TC Value="0"/>
    <TC Value="0"/>
    <TC Value="0"/>
    <TC Value="0"/>
    <TC Value="0"/>
    <TC Value="0"/>
    <TC Value="0"/>
    <TC Value="0"/>
    <TC Value="0"/>
    <TC Value="0"/>
    <TC Value="0"/>
   </TR>
   <TR>
    <TC Value="CONTROLLER"/>
    <TC Value="ANY_DEVICE"/>
    <TC Value="11.4.1.3:0"/>
    <TC Value="0.0.0.0:0"/>
    <TC Value="0"/>
    <TC Value="0"/>
    <TC Value="0"/>
    <TC Value="0"/>
    <TC Value="0"/>
    <TC Value="0"/>
    <TC Value="0"/>
    <TC Value="0"/>
    <TC Value="0"/>
    <TC Value="0"/>
    <TC Value="0"/>
   </TR>
   <TR>
    <TC Value="UAV5"/>
    <TC Value="ANY_DEVICE"/>
    <TC Value="11.1.1.4:0"/>
    <TC Value="0.0.0.0:0"/>
    <TC Value="0"/>
    <TC Value="0"/>
    <TC Value="0"/>
    <TC Value="0"/>
    <TC Value="0"/>
    <TC Value="0"/>
    <TC Value="0"/>
    <TC Value="0"/>
    <TC Value="0"/>
    <TC Value="0"/>
    <TC Value="0"/>
   </TR>
   <TR>
    <TC Value="UAV6"/>
    <TC Value="ANY_DEVICE"/>
    <TC Value="11.2.1.4:0"/>
    <TC Value="0.0.0.0:0"/>
    <TC Value="0"/>
    <TC Value="0"/>
    <TC Value="0"/>
    <TC Value="0"/>
    <TC Value="0"/>
    <TC Value="0"/>
    <TC Value="0"/>
    <TC Value="0"/>
    <TC Value="0"/>
    <TC Value="0"/>
    <TC Value="0"/>
   </TR>
  </TABLE>
 </MENU>
 <MENU Name="IP_Metrics">
  <TABLE name="IP_Metrics">
   <TH name="Device Id" isShow="true"/>
   <TH name="Packet sent" isShow="true"/>
   <TH name="Packet forwarded" isShow="true"/>
   <TH name="Packet received" isShow="true"/>
   <TH name="Packet discarded" isShow="false"/>
   <TH name="TTL expired" isShow="false"/>
   <TH name="Firewall blocked" isShow="false"/>
   <TR>
    <TC Value="1"/>
    <TC Value="13154"/>
    <TC Value="13138"/>
    <TC Value="17"/>
    <TC Value="0"/>
    <TC Value="0"/>
    <TC Value="0"/>
   </TR>
   <TR>
    <TC Value="4"/>
    <TC Value="9662"/>
    <TC Value="9645"/>
    <TC Value="16"/>
    <TC Value="0"/>
    <TC Value="0"/>
    <TC Value="0"/>
   </TR>
   <TR>
    <TC Value="5"/>
    <TC Value="5000"/>
    <TC Value="0"/>
    <TC Value="0"/>
    <TC Value="0"/>
    <TC Value="0"/>
    <TC Value="0"/>
   </TR>
   <TR>
    <TC Value="6"/>
    <TC Value="5000"/>
    <TC Value="0"/>
    <TC Value="0"/>
    <TC Value="0"/>
    <TC Value="0"/>
    <TC Value="0"/>
   </TR>
   <TR>
    <TC Value="7"/>
    <TC Value="0"/>
    <TC Value="0"/>
    <TC Value="3495"/>
    <TC Value="0"/>
    <TC Value="0"/>
    <TC Value="0"/>
   </TR>
   <TR>
    <TC Value="8"/>
    <TC Value="0"/>
    <TC Value="0"/>
    <TC Value="0"/>
    <TC Value="0"/>
    <TC Value="0"/>
    <TC Value="0"/>
   </TR>
   <TR>
    <TC Value="9"/>
    <TC Value="5000"/>
    <TC Value="0"/>
    <TC Value="4643"/>
    <TC Value="0"/>
    <TC Value="0"/>
    <TC Value="0"/>
   </TR>
   <TR>
    <TC Value="11"/>
    <TC Value="0"/>
    <TC Value="0"/>
    <TC Value="0"/>
    <TC Value="0"/>
    <TC Value="0"/>
    <TC Value="0"/>
   </TR>
   <TR>
    <TC Value="12"/>
    <TC Value="0"/>
    <TC Value="0"/>
    <TC Value="0"/>
    <TC Value="0"/>
    <TC Value="0"/>
    <TC Value="0"/>
   </TR>
   <TR>
    <TC Value="13"/>
    <TC Value="0"/>
    <TC Value="0"/>
    <TC Value="4985"/>
    <TC Value="0"/>
    <TC Value="0"/>
    <TC Value="0"/>
   </TR>
  </TABLE>
 </MENU>
 <MENU Name="IP_Forwarding_Table">
  <MENU Name="GCS_RECEIVER">
   <TABLE name="GCS_RECEIVER">
    <TH name="Network Destination" isShow="true"/>
    <TH name="Netmask/Prefix len" isShow="true"/>
    <TH name="Gateway" isShow="true"/>
    <TH name="Interface" isShow="true"/>
    <TH name="Metrics" isShow="false"/>
    <TH name="Type" isShow="false"/>
    <TR>
     <TC Value="11.3.1.1"/>
     <TC Value="255.255.255.255"/>
     <TC Value="11.3.1.1"/>
     <TC Value="11.3.1.2 "/>
     <TC Value="100"/>
     <TC Value="OSPF"/>
    </TR>
    <TR>
     <TC Value="11.3.0.0"/>
     <TC Value="255.255.0.0"/>
     <TC Value="on-link"/>
     <TC Value="11.3.1.2 "/>
     <TC Value="300"/>
     <TC Value="LOCAL"/>
    </TR>
    <TR>
     <TC Value="11.2.0.0"/>
     <TC Value="255.255.0.0"/>
     <TC Value="on-link"/>
     <TC Value="11.2.1.1 "/>
     <TC Value="300"/>
     <TC Value="LOCAL"/>
    </TR>
    <TR>
     <TC Value="11.1.0.0"/>
     <TC Value="255.255.0.0"/>
     <TC Value="on-link"/>
     <TC Value="11.1.1.1 "/>
     <TC Value="300"/>
     <TC Value="LOCAL"/>
    </TR>
    <TR>
     <TC Value="224.0.0.1"/>
     <TC Value="255.255.255.255"/>
     <TC Value="on-link"/>
     <TC Value="11.1.1.1 11.2.1.1 11.3.1.2 "/>
     <TC Value="306"/>
     <TC Value="MULTICAST"/>
    </TR>
    <TR>
     <TC Value="224.0.0.0"/>
     <TC Value="240.0.0.0"/>
     <TC Value="on-link"/>
     <TC Value="11.1.1.1 11.2.1.1 11.3.1.2 "/>
     <TC Value="306"/>
     <TC Value="MULTICAST"/>
    </TR>
    <TR>
     <TC Value="255.255.255.255"/>
     <TC Value="255.255.255.255"/>
     <TC Value="on-link"/>
     <TC Value="11.2.1.1 "/>
     <TC Value="999"/>
     <TC Value="BROADCAST"/>
    </TR>
    <TR>
     <TC Value="255.255.255.255"/>
     <TC Value="255.255.255.255"/>
     <TC Value="on-link"/>
     <TC Value="11.1.1.1 "/>
     <TC Value="999"/>
     <TC Value="BROADCAST"/>
    </TR>
   </TABLE>
  </MENU>
  <MENU Name="LOCAL_NETWORK">
   <TABLE name="LOCAL_NETWORK">
    <TH name="Network Destination" isShow="true"/>
    <TH name="Netmask/Prefix len" isShow="true"/>
    <TH name="Gateway" isShow="true"/>
    <TH name="Interface" isShow="true"/>
    <TH name="Metrics" isShow="false"/>
    <TH name="Type" isShow="false"/>
    <TR>
     <TC Value="11.3.1.2"/>
     <TC Value="255.255.255.255"/>
     <TC Value="11.3.1.2"/>
     <TC Value="11.3.1.1 "/>
     <TC Value="100"/>
     <TC Value="OSPF"/>
    </TR>
    <TR>
     <TC Value="11.4.0.0"/>
     <TC Value="255.255.0.0"/>
     <TC Value="on-link"/>
     <TC Value="11.4.1.1 "/>
     <TC Value="300"/>
     <TC Value="LOCAL"/>
    </TR>
    <TR>
     <TC Value="11.3.0.0"/>
     <TC Value="255.255.0.0"/>
     <TC Value="on-link"/>
     <TC Value="11.3.1.1 "/>
     <TC Value="300"/>
     <TC Value="LOCAL"/>
    </TR>
    <TR>
     <TC Value="224.0.0.1"/>
     <TC Value="255.255.255.255"/>
     <TC Value="on-link"/>
     <TC Value="11.3.1.1 11.4.1.1 "/>
     <TC Value="306"/>
     <TC Value="MULTICAST"/>
    </TR>
    <TR>
     <TC Value="224.0.0.0"/>
     <TC Value="240.0.0.0"/>
     <TC Value="on-link"/>
     <TC Value="11.3.1.1 11.4.1.1 "/>
     <TC Value="306"/>
     <TC Value="MULTICAST"/>
    </TR>
    <TR>
     <TC Value="255.255.255.255"/>
     <TC Value="255.255.255.255"/>
     <TC Value="on-link"/>
     <TC Value="11.4.1.1 "/>
     <TC Value="999"/>
     <TC Value="BROADCAST"/>
    </TR>
   </TABLE>
  </MENU>
  <MENU Name="UAV1">
   <TABLE name="UAV1">
    <TH name="Network Destination" isShow="true"/>
    <TH name="Netmask/Prefix len" isShow="true"/>
    <TH name="Gateway" isShow="true"/>
    <TH name="Interface" isShow="true"/>
    <TH name="Metrics" isShow="false"/>
    <TH name="Type" isShow="false"/>
    <TR>
     <TC Value="224.0.0.1"/>
     <TC Value="255.255.255.255"/>
     <TC Value="on-link"/>
     <TC Value="11.1.1.2 "/>
     <TC Value="306"/>
     <TC Value="MULTICAST"/>
    </TR>
    <TR>
     <TC Value="224.0.0.0"/>
     <TC Value="240.0.0.0"/>
     <TC Value="on-link"/>
     <TC Value="11.1.1.2 "/>
     <TC Value="306"/>
     <TC Value="MULTICAST"/>
    </TR>
    <TR>
     <TC Value="255.255.255.255"/>
     <TC Value="255.255.255.255"/>
     <TC Value="on-link"/>
     <TC Value="11.1.1.2 "/>
     <TC Value="999"/>
     <TC Value="BROADCAST"/>
    </TR>
    <TR>
     <TC Value="0.0.0.0"/>
     <TC Value="0.0.0.0"/>
     <TC Value="11.2.1.1"/>
     <TC Value="11.1.1.2 "/>
     <TC Value="999"/>
     <TC Value="DEFAULT"/>
    </TR>
   </TABLE>
  </MENU>
  <MENU Name="UAV4">
   <TABLE name="UAV4">
    <TH name="Network Destination" isShow="true"/>
    <TH name="Netmask/Prefix len" isShow="true"/>
    <TH name="Gateway" isShow="true"/>
    <TH name="Interface" isShow="true"/>
    <TH name="Metrics" isShow="false"/>
    <TH name="Type" isShow="false"/>
    <TR>
     <TC Value="224.0.0.1"/>
     <TC Value="255.255.255.255"/>
     <TC Value="on-link"/>
     <TC Value="11.1.1.3 "/>
     <TC Value="306"/>
     <TC Value="MULTICAST"/>
    </TR>
    <TR>
     <TC Value="224.0.0.0"/>
     <TC Value="240.0.0.0"/>
     <TC Value="on-link"/>
     <TC Value="11.1.1.3 "/>
     <TC Value="306"/>
     <TC Value="MULTICAST"/>
    </TR>
    <TR>
     <TC Value="255.255.255.255"/>
     <TC Value="255.255.255.255"/>
     <TC Value="on-link"/>
     <TC Value="11.1.1.3 "/>
     <TC Value="999"/>
     <TC Value="BROADCAST"/>
    </TR>
    <TR>
     <TC Value="0.0.0.0"/>
     <TC Value="0.0.0.0"/>
     <TC Value="11.2.1.1"/>
     <TC Value="11.1.1.3 "/>
     <TC Value="999"/>
     <TC Value="DEFAULT"/>
    </TR>
   </TABLE>
  </MENU>
  <MENU Name="UAV2">
   <TABLE name="UAV2">
    <TH name="Network Destination" isShow="true"/>
    <TH name="Netmask/Prefix len" isShow="true"/>
    <TH name="Gateway" isShow="true"/>
    <TH name="Interface" isShow="true"/>
    <TH name="Metrics" isShow="false"/>
    <TH name="Type" isShow="false"/>
    <TR>
     <TC Value="224.0.0.1"/>
     <TC Value="255.255.255.255"/>
     <TC Value="on-link"/>
     <TC Value="11.2.1.2 "/>
     <TC Value="306"/>
     <TC Value="MULTICAST"/>
    </TR>
    <TR>
     <TC Value="224.0.0.0"/>
     <TC Value="240.0.0.0"/>
     <TC Value="on-link"/>
     <TC Value="11.2.1.2 "/>
     <TC Value="306"/>
     <TC Value="MULTICAST"/>
    </TR>
    <TR>
     <TC Value="255.255.255.255"/>
     <TC Value="255.255.255.255"/>
     <TC Value="on-link"/>
     <TC Value="11.2.1.2 "/>
     <TC Value="999"/>
     <TC Value="BROADCAST"/>
    </TR>
    <TR>
     <TC Value="0.0.0.0"/>
     <TC Value="0.0.0.0"/>
     <TC Value="11.2.1.1"/>
     <TC Value="11.2.1.2 "/>
     <TC Value="999"/>
     <TC Value="DEFAULT"/>
    </TR>
   </TABLE>
  </MENU>
  <MENU Name="UAV3">
   <TABLE name="UAV3">
    <TH name="Network Destination" isShow="true"/>
    <TH name="Netmask/Prefix len" isShow="true"/>
    <TH name="Gateway" isShow="true"/>
    <TH name="Interface" isShow="true"/>
    <TH name="Metrics" isShow="false"/>
    <TH name="Type" isShow="false"/>
    <TR>
     <TC Value="224.0.0.1"/>
     <TC Value="255.255.255.255"/>
     <TC Value="on-link"/>
     <TC Value="11.2.1.3 "/>
     <TC Value="306"/>
     <TC Value="MULTICAST"/>
    </TR>
    <TR>
     <TC Value="224.0.0.0"/>
     <TC Value="240.0.0.0"/>
     <TC Value="on-link"/>
     <TC Value="11.2.1.3 "/>
     <TC Value="306"/>
     <TC Value="MULTICAST"/>
    </TR>
    <TR>
     <TC Value="255.255.255.255"/>
     <TC Value="255.255.255.255"/>
     <TC Value="on-link"/>
     <TC Value="11.2.1.3 "/>
     <TC Value="999"/>
     <TC Value="BROADCAST"/>
    </TR>
    <TR>
     <TC Value="0.0.0.0"/>
     <TC Value="0.0.0.0"/>
     <TC Value="11.2.1.1"/>
     <TC Value="11.2.1.3 "/>
     <TC Value="999"/>
     <TC Value="DEFAULT"/>
    </TR>
   </TABLE>
  </MENU>
  <MENU Name="CONTROLLER2">
   <TABLE name="CONTROLLER2">
    <TH name="Network Destination" isShow="true"/>
    <TH name="Netmask/Prefix len" isShow="true"/>
    <TH name="Gateway" isShow="true"/>
    <TH name="Interface" isShow="true"/>
    <TH name="Metrics" isShow="false"/>
    <TH name="Type" isShow="false"/>
    <TR>
     <TC Value="11.4.0.0"/>
     <TC Value="255.255.0.0"/>
     <TC Value="on-link"/>
     <TC Value="11.4.1.2 "/>
     <TC Value="300"/>
     <TC Value="LOCAL"/>
    </TR>
    <TR>
     <TC Value="224.0.0.1"/>
     <TC Value="255.255.255.255"/>
     <TC Value="on-link"/>
     <TC Value="11.4.1.2 "/>
     <TC Value="306"/>
     <TC Value="MULTICAST"/>
    </TR>
    <TR>
     <TC Value="224.0.0.0"/>
     <TC Value="240.0.0.0"/>
     <TC Value="on-link"/>
     <TC Value="11.4.1.2 "/>
     <TC Value="306"/>
     <TC Value="MULTICAST"/>
    </TR>
    <TR>
     <TC Value="255.255.255.255"/>
     <TC Value="255.255.255.255"/>
     <TC Value="on-link"/>
     <TC Value="11.4.1.2 "/>
     <TC Value="999"/>
     <TC Value="BROADCAST"/>
    </TR>
    <TR>
     <TC Value="0.0.0.0"/>
     <TC Value="0.0.0.0"/>
     <TC Value="11.4.1.1"/>
     <TC Value="11.4.1.2 "/>
     <TC Value="999"/>
     <TC Value="DEFAULT"/>
    </TR>
   </TABLE>
  </MENU>
  <MENU Name="CONTROLLER">
   <TABLE name="CONTROLLER">
    <TH name="Network Destination" isShow="true"/>
    <TH name="Netmask/Prefix len" isShow="true"/>
    <TH name="Gateway" isShow="true"/>
    <TH name="Interface" isShow="true"/>
    <TH name="Metrics" isShow="false"/>
    <TH name="Type" isShow="false"/>
    <TR>
     <TC Value="11.4.0.0"/>
     <TC Value="255.255.0.0"/>
     <TC Value="on-link"/>
     <TC Value="11.4.1.3 "/>
     <TC Value="300"/>
     <TC Value="LOCAL"/>
    </TR>
    <TR>
     <TC Value="224.0.0.1"/>
     <TC Value="255.255.255.255"/>
     <TC Value="on-link"/>
     <TC Value="11.4.1.3 "/>
     <TC Value="306"/>
     <TC Value="MULTICAST"/>
    </TR>
    <TR>
     <TC Value="224.0.0.0"/>
     <TC Value="240.0.0.0"/>
     <TC Value="on-link"/>
     <TC Value="11.4.1.3 "/>
     <TC Value="306"/>
     <TC Value="MULTICAST"/>
    </TR>
    <TR>
     <TC Value="255.255.255.255"/>
     <TC Value="255.255.255.255"/>
     <TC Value="on-link"/>
     <TC Value="11.4.1.3 "/>
     <TC Value="999"/>
     <TC Value="BROADCAST"/>
    </TR>
    <TR>
     <TC Value="0.0.0.0"/>
     <TC Value="0.0.0.0"/>
     <TC Value="11.4.1.1"/>
     <TC Value="11.4.1.3 "/>
     <TC Value="999"/>
     <TC Value="DEFAULT"/>
    </TR>
   </TABLE>
  </MENU>
  <MENU Name="UAV5">
   <TABLE name="UAV5">
    <TH name="Network Destination" isShow="true"/>
    <TH name="Netmask/Prefix len" isShow="true"/>
    <TH name="Gateway" isShow="true"/>
    <TH name="Interface" isShow="true"/>
    <TH name="Metrics" isShow="false"/>
    <TH name="Type" isShow="false"/>
    <TR>
     <TC Value="224.0.0.1"/>
     <TC Value="255.255.255.255"/>
     <TC Value="on-link"/>
     <TC Value="11.1.1.4 "/>
     <TC Value="306"/>
     <TC Value="MULTICAST"/>
    </TR>
    <TR>
     <TC Value="224.0.0.0"/>
     <TC Value="240.0.0.0"/>
     <TC Value="on-link"/>
     <TC Value="11.1.1.4 "/>
     <TC Value="306"/>
     <TC Value="MULTICAST"/>
    </TR>
    <TR>
     <TC Value="255.255.255.255"/>
     <TC Value="255.255.255.255"/>
     <TC Value="on-link"/>
     <TC Value="11.1.1.4 "/>
     <TC Value="999"/>
     <TC Value="BROADCAST"/>
    </TR>
    <TR>
     <TC Value="0.0.0.0"/>
     <TC Value="0.0.0.0"/>
     <TC Value="11.2.1.1"/>
     <TC Value="11.1.1.4 "/>
     <TC Value="999"/>
     <TC Value="DEFAULT"/>
    </TR>
   </TABLE>
  </MENU>
  <MENU Name="UAV6">
   <TABLE name="UAV6">
    <TH name="Network Destination" isShow="true"/>
    <TH name="Netmask/Prefix len" isShow="true"/>
    <TH name="Gateway" isShow="true"/>
    <TH name="Interface" isShow="true"/>
    <TH name="Metrics" isShow="false"/>
    <TH name="Type" isShow="false"/>
    <TR>
     <TC Value="224.0.0.1"/>
     <TC Value="255.255.255.255"/>
     <TC Value="on-link"/>
     <TC Value="11.2.1.4 "/>
     <TC Value="306"/>
     <TC Value="MULTICAST"/>
    </TR>
    <TR>
     <TC Value="224.0.0.0"/>
     <TC Value="240.0.0.0"/>
     <TC Value="on-link"/>
     <TC Value="11.2.1.4 "/>
     <TC Value="306"/>
     <TC Value="MULTICAST"/>
    </TR>
    <TR>
     <TC Value="255.255.255.255"/>
     <TC Value="255.255.255.255"/>
     <TC Value="on-link"/>
     <TC Value="11.2.1.4 "/>
     <TC Value="999"/>
     <TC Value="BROADCAST"/>
    </TR>
    <TR>
     <TC Value="0.0.0.0"/>
     <TC Value="0.0.0.0"/>
     <TC Value="11.2.1.1"/>
     <TC Value="11.2.1.4 "/>
     <TC Value="999"/>
     <TC Value="DEFAULT"/>
    </TR>
   </TABLE>
  </MENU>
 </MENU>
 <MENU Name="UDP Metrics">
  <TABLE name="UDP Metrics">
   <TH name="Device id" isShow="true"/>
   <TH name="Local address" isShow="true"/>
   <TH name="Foreign address" isShow="true"/>
   <TH name="Datagram sent" isShow="true"/>
   <TH name="Datagram received" isShow="true"/>
   <TR>
    <TC Value="5"/>
    <TC Value="11.1.1.2:82"/>
    <TC Value="11.2.1.2:36934"/>
    <TC Value="5000"/>
    <TC Value="0"/>
   </TR>
   <TR>
    <TC Value="6"/>
    <TC Value="11.1.1.3:12668"/>
    <TC Value="11.4.1.2:53000"/>
    <TC Value="5000"/>
    <TC Value="0"/>
   </TR>
   <TR>
    <TC Value="7"/>
    <TC Value="11.2.1.2:36934"/>
    <TC Value="11.1.1.2:82"/>
    <TC Value="0"/>
    <TC Value="3495"/>
   </TR>
   <TR>
    <TC Value="9"/>
    <TC Value="11.4.1.2:38338"/>
    <TC Value="11.2.1.4:31448"/>
    <TC Value="5000"/>
    <TC Value="0"/>
   </TR>
   <TR>
    <TC Value="9"/>
    <TC Value="11.4.1.2:53000"/>
    <TC Value="11.1.1.3:12668"/>
    <TC Value="0"/>
    <TC Value="4643"/>
   </TR>
   <TR>
    <TC Value="13"/>
    <TC Value="11.2.1.4:31448"/>
    <TC Value="11.4.1.2:38338"/>
    <TC Value="0"/>
    <TC Value="4985"/>
   </TR>
  </TABLE>
 </MENU>
 <MENU Name="IEEE802.11_Metrics">
  <TABLE name="IEEE802.11_Metrics">
   <TH name="DeviceId" isShow="true"/>
   <TH name="InterfaceId" isShow="true"/>
   <TH name="Frame Sent" isShow="true"/>
   <TH name="Frame Received" isShow="false"/>
   <TH name="RTS Sent" isShow="false"/>
   <TH name="RTS Received" isShow="false"/>
   <TH name="CTS Sent" isShow="false"/>
   <TH name="CTS Received" isShow="false"/>
   <TH name="Successful Backoff" isShow="false"/>
   <TH name="Failed Backoff" isShow="false"/>
   <TR>
    <TC Value="9"/>
    <TC Value="1"/>
    <TC Value="0"/>
    <TC Value="4643"/>
    <TC Value="0"/>
    <TC Value="0"/>
    <TC Value="0"/>
    <TC Value="0"/>
    <TC Value="0"/>
    <TC Value="0"/>
   </TR>
   <TR>
    <TC Value="9"/>
    <TC Value="1"/>
    <TC Value="5000"/>
    <TC Value="0"/>
    <TC Value="0"/>
    <TC Value="0"/>
    <TC Value="0"/>
    <TC Value="0"/>
    <TC Value="5000"/>
    <TC Value="0"/>
   </TR>
   <TR>
    <TC Value="9"/>
    <TC Value="1"/>
    <TC Value="0"/>
    <TC Value="0"/>
    <TC Value="0"/>
    <TC Value="0"/>
    <TC Value="0"/>
    <TC Value="0"/>
    <TC Value="0"/>
    <TC Value="0"/>
   </TR>
   <TR>
    <TC Value="9"/>
    <TC Value="1"/>
    <TC Value="0"/>
    <TC Value="0"/>
    <TC Value="0"/>
    <TC Value="0"/>
    <TC Value="0"/>
    <TC Value="0"/>
    <TC Value="0"/>
    <TC Value="0"/>
   </TR>
   <TR>
    <TC Value="10"/>
    <TC Value="2"/>
    <TC Value="0"/>
    <TC Value="5000"/>
    <TC Value="0"/>
    <TC Value="0"/>
    <TC Value="0"/>
    <TC Value="0"/>
    <TC Value="0"/>
    <TC Value="0"/>
   </TR>
   <TR>
    <TC Value="10"/>
    <TC Value="2"/>
    <TC Value="4643"/>
    <TC Value="0"/>
    <TC Value="0"/>
    <TC Value="0"/>
    <TC Value="0"/>
    <TC Value="0"/>
    <TC Value="4643"/>
    <TC Value="0"/>
   </TR>
   <TR>
    <TC Value="10"/>
    <TC Value="2"/>
    <TC Value="0"/>
    <TC Value="0"/>
    <TC Value="0"/>
    <TC Value="0"/>
    <TC Value="0"/>
    <TC Value="0"/>
    <TC Value="0"/>
    <TC Value="0"/>
   </TR>
   <TR>
    <TC Value="10"/>
    <TC Value="2"/>
    <TC Value="0"/>
    <TC Value="0"/>
    <TC Value="0"/>
    <TC Value="0"/>
    <TC Value="0"/>
    <TC Value="0"/>
    <TC Value="0"/>
    <TC Value="0"/>
   </TR>
   <TR>
    <TC Value="11"/>
    <TC Value="1"/>
    <TC Value="0"/>
    <TC Value="0"/>
    <TC Value="0"/>
    <TC Value="0"/>
    <TC Value="0"/>
    <TC Value="0"/>
    <TC Value="0"/>
    <TC Value="0"/>
   </TR>
   <TR>
    <TC Value="11"/>
    <TC Value="1"/>
    <TC Value="0"/>
    <TC Value="0"/>
    <TC Value="0"/>
    <TC Value="0"/>
    <TC Value="0"/>
    <TC Value="0"/>
    <TC Value="0"/>
    <TC Value="0"/>
   </TR>
   <TR>
    <TC Value="11"/>
    <TC Value="1"/>
    <TC Value="0"/>
    <TC Value="0"/>
    <TC Value="0"/>
    <TC Value="0"/>
    <TC Value="0"/>
    <TC Value="0"/>
    <TC Value="0"/>
    <TC Value="0"/>
   </TR>
   <TR>
    <TC Value="11"/>
    <TC Value="1"/>
    <TC Value="0"/>
    <TC Value="0"/>
    <TC Value="0"/>
    <TC Value="0"/>
    <TC Value="0"/>
    <TC Value="0"/>
    <TC Value="0"/>
    <TC Value="0"/>
   </TR>
  </TABLE>
 </MENU>
 <MENU Name="Application_Metrics">
  <TABLE name="Application_Metrics">
   <TH name="Application Id" isShow="true"/>
   <TH name="Throughput Plot" isShow="true"/>
   <TH name="Application Name" isShow="true"/>
   <TH name="Source Id" isShow="false"/>
   <TH name="Destination Id" isShow="false"/>
   <TH name="Packet generated" isShow="true"/>
   <TH name="Packet received" isShow="true"/>
   <TH name="Payload generated (bytes)" isShow="false"/>
   <TH name="Payload received (bytes)" isShow="false"/>
   <TH name="Throughput (Mbps)" isShow="true"/>
   <TH name="Delay(microsec)" isShow="true"/>
   <TH name="Jitter(microsec)" isShow="true"/>
   <TR>
    <TC Value="1"/>
    <TC>
     <LINK onClick="App1_CBR_Throughput" name="Application_Throughput_plot"/>
    </TC>
    <TC Value="App1_CBR"/>
    <TC Value="5"/>
    <TC Value="7"/>
    <TC Value="5000"/>
    <TC Value="3495"/>
    <TC Value="7300000"/>
    <TC Value="5102700"/>
    <TC Value="0.408216"/>
    <TC Value="3639.772532"/>
    <TC Value="2.289639"/>
   </TR>
   <TR>
    <TC Value="2"/>
    <TC>
     <LINK onClick="App2_CBR_Throughput" name="Application_Throughput_plot"/>
    </TC>
    <TC Value="App2_CBR"/>
    <TC Value="6"/>
    <TC Value="9"/>
    <TC Value="5000"/>
    <TC Value="4643"/>
    <TC Value="7300000"/>
    <TC Value="6778780"/>
    <TC Value="0.542302"/>
    <TC Value="4427.081649"/>
    <TC Value="205.161055"/>
   </TR>
   <TR>
    <TC Value="3"/>
    <TC Value="N/A"/>
    <TC Value="App3_CBR"/>
    <TC Value="9"/>
    <TC Value="13"/>
    <TC Value="5000"/>
    <TC Value="4985"/>
    <TC Value="7300000"/>
    <TC Value="7278100"/>
    <TC Value="0.582248"/>
    <TC Value="3499.000000"/>
    <TC Value="0.000000"/>
   </TR>
  </TABLE>
 </MENU>
 <MENU Name="LTENR_SDAP">
  <TABLE name="LTENR_SDAP">
   <TH name="AppID" isShow="true"/>
   <TH name="QFI" isShow="false"/>
   <TH name="SDAPEntityID" isShow="true"/>
   <TH name="SrcID" isShow="true"/>
   <TH name="DestID" isShow="true"/>
   <TH name="SrcIP:Port" isShow="false"/>
   <TH name="DestIP:Port" isShow="false"/>
   <TH name="PacketTx" isShow="true"/>
   <TH name="PacketRx" isShow="true"/>
  </TABLE>
 </MENU>
<MENU Name="Plots">
 <MENU Name="Link_Throughput">
  <MENU Name="Link_1_Throughput (Bi-directional Aggregated)">
   <PLOT data_file_name="C:\Users\junaid\AppData\Local\Temp\NetSim/acad13.0.29_x64/\plot_Link_1_Throughput (Bi-directional Aggregated).txt" name="Link_1_Throughput (Bi-directional Aggregated)"/>
  </MENU>
  <MENU Name="Link_2_Throughput (Bi-directional Aggregated)">
   <PLOT data_file_name="C:\Users\junaid\AppData\Local\Temp\NetSim/acad13.0.29_x64/\plot_Link_2_Throughput (Bi-directional Aggregated).txt" name="Link_2_Throughput (Bi-directional Aggregated)"/>
  </MENU>
  <MENU Name="Link_3_Throughput (Bi-directional Aggregated)">
   <PLOT data_file_name="C:\Users\junaid\AppData\Local\Temp\NetSim/acad13.0.29_x64/\plot_Link_3_Throughput (Bi-directional Aggregated).txt" name="Link_3_Throughput (Bi-directional Aggregated)"/>
  </MENU>
  <MENU Name="Link_4_Throughput (Bi-directional Aggregated)">
   <PLOT data_file_name="C:\Users\junaid\AppData\Local\Temp\NetSim/acad13.0.29_x64/\plot_Link_4_Throughput (Bi-directional Aggregated).txt" name="Link_4_Throughput (Bi-directional Aggregated)"/>
  </MENU>
  <MENU Name="Link_5_Throughput (Bi-directional Aggregated)">
   <PLOT data_file_name="C:\Users\junaid\AppData\Local\Temp\NetSim/acad13.0.29_x64/\plot_Link_5_Throughput (Bi-directional Aggregated).txt" name="Link_5_Throughput (Bi-directional Aggregated)"/>
  </MENU>
  <MENU Name="Link_6_Throughput (Bi-directional Aggregated)">
   <PLOT data_file_name="C:\Users\junaid\AppData\Local\Temp\NetSim/acad13.0.29_x64/\plot_Link_6_Throughput (Bi-directional Aggregated).txt" name="Link_6_Throughput (Bi-directional Aggregated)"/>
  </MENU>
  <MENU Name="Link_7_Throughput (Bi-directional Aggregated)">
   <PLOT data_file_name="C:\Users\junaid\AppData\Local\Temp\NetSim/acad13.0.29_x64/\plot_Link_7_Throughput (Bi-directional Aggregated).txt" name="Link_7_Throughput (Bi-directional Aggregated)"/>
  </MENU>
 </MENU>
 <MENU Name="Application_Throughput">
  <MENU Name="App1_CBR_Throughput">
   <PLOT data_file_name="C:\Users\junaid\AppData\Local\Temp\NetSim/acad13.0.29_x64/\plot_App1_CBR_Throughput.txt" name="App1_CBR_Throughput"/>
  </MENU>
  <MENU Name="App2_CBR_Throughput">
   <PLOT data_file_name="C:\Users\junaid\AppData\Local\Temp\NetSim/acad13.0.29_x64/\plot_App2_CBR_Throughput.txt" name="App2_CBR_Throughput"/>
  </MENU>
 </MENU>
</MENU>
</NetSim_Metrics>
